{"price_mean": 150.76487, "price_std": 0.08045360837153398, "volume_mean": 280615.69465470716, "volume_std": 1530.1633458310453}