{"price_mean": 2495.44296, "price_std": 1.1697115193072265, "volume_mean": 37528.57023181966, "volume_std": 55.5455434353977}