{"price_mean": 105732.42656, "price_std": 21.68202293067762, "volume_mean": 2220.17859323175, "volume_std": 8.336739230352611}