{"price_mean": 151.72997, "price_std": 0.1498636016516359, "volume_mean": 354371.0907338512, "volume_std": 1631.458392002914}