{"last_training": "2025-06-08T17:57:24.326668", "samples_used": 2970, "training_samples": 2376, "test_samples": 594, "final_loss": 0.02308230847120285, "final_val_loss": 0.025010578334331512}