{"last_training": "2025-06-09T06:34:42.012260", "samples_used": 990, "training_samples": 792, "test_samples": 198, "final_loss": 0.07116834819316864, "final_val_loss": 0.4448624849319458}