{"loss": [0.9956133365631104, 0.6238487958908081, 0.4311031103134155, 0.3579965829849243, 0.30092188715934753, 0.25918564200401306, 0.22565028071403503, 0.19603070616722107, 0.1728588491678238, 0.1607285737991333, 0.14365926384925842, 0.13182085752487183, 0.12009907513856888, 0.11416629701852798, 0.10637915134429932, 0.0961582288146019, 0.09755641967058182, 0.08747982978820801, 0.08441118896007538, 0.08237479627132416, 0.07695223391056061, 0.07357517629861832, 0.06984522193670273, 0.07051810622215271, 0.06581958383321762, 0.06510425359010696, 0.06201118975877762, 0.05953977257013321, 0.059445928782224655, 0.05716925114393234, 0.05586208403110504, 0.055271975696086884, 0.05310996249318123, 0.050157055258750916, 0.05031055212020874, 0.05030049383640289, 0.04714224487543106, 0.04644089564681053, 0.04324520379304886, 0.044106535613536835, 0.04479996860027313, 0.04425368085503578, 0.043832190334796906, 0.04131701961159706, 0.039372675120830536, 0.03990014269948006, 0.03958573564887047], "val_loss": [2.8647913932800293, 1.9534538984298706, 1.528359055519104, 1.4525485038757324, 1.3513463735580444, 1.2808449268341064, 1.233200192451477, 1.2020738124847412, 1.171001672744751, 1.1084977388381958, 1.064414381980896, 1.046515941619873, 1.0340006351470947, 1.0256352424621582, 1.0277471542358398, 0.9794768691062927, 0.9395709037780762, 0.9166225790977478, 0.9182384610176086, 0.8662805557250977, 0.8243966698646545, 0.8582440614700317, 0.8397055864334106, 0.8697278499603271, 0.8310238718986511, 0.803582489490509, 0.8127270340919495, 0.7878139615058899, 0.80487060546875, 0.7550075650215149, 0.812897801399231, 0.7774665951728821, 0.7456355094909668, 0.790987491607666, 0.7597308158874512, 0.777169406414032, 0.7374669313430786, 0.8018226027488708, 0.8185195326805115, 0.7746282815933228, 0.8341235518455505, 0.8027803301811218, 0.7998563051223755, 0.780249834060669, 0.7875770926475525, 0.8508990406990051, 0.8214576840400696]}