{"loss": [1.0227413177490234, 0.5965158343315125, 0.43994465470314026, 0.36137521266937256, 0.3142317235469818, 0.272050678730011, 0.2357628345489502, 0.21084442734718323, 0.1854153275489807, 0.1722434014081955, 0.1532856673002243, 0.14648213982582092, 0.13281075656414032, 0.12482012808322906, 0.11731870472431183, 0.11019943654537201, 0.10647103190422058, 0.10343950241804123, 0.09422418475151062, 0.09429773688316345, 0.0971064418554306, 0.08784811198711395, 0.08273334056138992, 0.08008084446191788, 0.07919077575206757, 0.07207811623811722, 0.07085221260786057, 0.07116834819316864], "val_loss": [2.661639928817749, 2.0561482906341553, 1.5993953943252563, 1.2730838060379028, 1.1486636400222778, 0.9375805854797363, 0.8745997548103333, 0.7533994913101196, 0.6663365960121155, 0.612569272518158, 0.5441251993179321, 0.5019024610519409, 0.49401184916496277, 0.4442130923271179, 0.42837512493133545, 0.4003555476665497, 0.3965327739715576, 0.3856256604194641, 0.39083370566368103, 0.3888949453830719, 0.39629092812538147, 0.4206978380680084, 0.4438457787036896, 0.4364754259586334, 0.4321366250514984, 0.44504454731941223, 0.45537227392196655, 0.4448624849319458]}