{"loss": [0.27089887857437134, 0.06850415468215942, 0.054148755967617035, 0.04522037133574486, 0.04055696725845337, 0.03749946504831314, 0.035038214176893234, 0.032798003405332565, 0.031060652807354927, 0.02752690017223358, 0.02727637067437172, 0.027447279542684555, 0.025356311351060867, 0.025131963193416595, 0.025676259770989418, 0.025207076221704483, 0.023997804149985313, 0.02388044260442257, 0.023746469989418983, 0.023990755900740623, 0.024695007130503654, 0.023431120440363884, 0.023714134469628334, 0.023186922073364258, 0.023581871762871742, 0.023456387221813202, 0.02352110855281353, 0.023166663944721222, 0.022977938875555992, 0.0232878178358078, 0.023474499583244324, 0.023106278851628304, 0.022882243618369102, 0.02341897040605545, 0.02390245720744133, 0.023577336221933365, 0.023130660876631737, 0.02343308925628662, 0.022837243974208832, 0.023261409252882004, 0.02358212135732174, 0.022733787074685097, 0.023647181689739227, 0.023579468950629234, 0.023972321301698685, 0.023163849487900734, 0.02339654415845871, 0.023284094408154488, 0.024115443229675293, 0.02308230847120285], "val_loss": [0.09315178543329239, 0.0698319599032402, 0.05723348259925842, 0.05171853303909302, 0.04705023765563965, 0.041489437222480774, 0.040220409631729126, 0.03736787289381027, 0.031647518277168274, 0.03451864793896675, 0.029500996693968773, 0.028569642454385757, 0.02787434682250023, 0.026529816910624504, 0.02567567117512226, 0.026628488674759865, 0.02602550946176052, 0.025139426812529564, 0.025277039036154747, 0.025399601086974144, 0.02643866091966629, 0.02506430447101593, 0.024057116359472275, 0.025108762085437775, 0.025121543556451797, 0.024798119440674782, 0.0253337100148201, 0.029465951025485992, 0.028751684352755547, 0.02725616656243801, 0.02710602432489395, 0.024401407688856125, 0.02616509236395359, 0.025654608383774757, 0.03293241932988167, 0.025209112092852592, 0.025588544085621834, 0.02590557374060154, 0.02512029930949211, 0.02513890713453293, 0.027445510029792786, 0.02430655248463154, 0.025813261047005653, 0.02546919509768486, 0.024255776777863503, 0.025950100272893906, 0.024784738197922707, 0.026455333456397057, 0.024466022849082947, 0.025010578334331512]}