{"last_training": "2025-06-09T06:34:54.523339", "samples_used": 990, "training_samples": 792, "test_samples": 198, "final_loss": 0.03958573564887047, "final_val_loss": 0.8214576840400696}