{"last_training": "2025-06-09T06:35:06.387872", "samples_used": 990, "training_samples": 792, "test_samples": 198, "final_loss": 0.044765274971723557, "final_val_loss": 0.4787249267101288}