{"loss": [1.1266974210739136, 0.7560272812843323, 0.48048412799835205, 0.3688836991786957, 0.3038821816444397, 0.2520536482334137, 0.21202115714550018, 0.1851268857717514, 0.16323181986808777, 0.14846211671829224, 0.13326872885227203, 0.1214878186583519, 0.10843066871166229, 0.10268883407115936, 0.09525249898433685, 0.09047821164131165, 0.08287762850522995, 0.07995931059122086, 0.07420195639133453, 0.07439839094877243, 0.0701831504702568, 0.06854315847158432, 0.0665920302271843, 0.06456882506608963, 0.0606800802052021, 0.058331526815891266, 0.05748315155506134, 0.05738011375069618, 0.05492837354540825, 0.054674893617630005, 0.0553683377802372, 0.05646536871790886, 0.05202348157763481, 0.05108661949634552, 0.0514681413769722, 0.04790371656417847, 0.04993167892098427, 0.04974079132080078, 0.0487961620092392, 0.045423611998558044, 0.045911893248558044, 0.046161897480487823, 0.044765274971723557], "val_loss": [1.874822735786438, 1.3057559728622437, 1.3225700855255127, 1.293228030204773, 1.2866981029510498, 1.2162723541259766, 1.0921379327774048, 1.0525838136672974, 0.9876054525375366, 0.8650714755058289, 0.8686831593513489, 0.8663175702095032, 0.7922984957695007, 0.7877357006072998, 0.7424834966659546, 0.6597058773040771, 0.6957334280014038, 0.6568679809570312, 0.6524797677993774, 0.6474168300628662, 0.6109205484390259, 0.5601421594619751, 0.6181013584136963, 0.5792621374130249, 0.563462495803833, 0.5294834971427917, 0.5364571809768677, 0.5459855198860168, 0.48696520924568176, 0.4749335050582886, 0.5247173309326172, 0.5059705972671509, 0.4635683596134186, 0.5195767283439636, 0.4761800169944763, 0.495335191488266, 0.5051190257072449, 0.4830336272716522, 0.46610984206199646, 0.5163660049438477, 0.4850747585296631, 0.4766448140144348, 0.4787249267101288]}